g,lo_1,hi_1,lo_2,hi_2,lo_3,hi_3
0.05,0.7158707683941161,0.9996873222851939,0.5400810539439564,0.9995830912966819,0.4013480233881011,0.9995700230069064
0.13448275862068965,0.7244449489381517,0.9977316762657202,0.5530106594518575,0.996974912044285,0.42227212551306664,0.9968790130851095
0.2189655172413793,0.7288347316195221,0.9939533997148857,0.5609007668028294,0.9919329952841732,0.43680150329016765,0.9916710393496769
0.30344827586206896,0.7295296238204676,0.9882937038570281,0.5640591350939482,0.9843724136331417,0.4450341298331036,0.983845959042935
0.3879310344827586,0.7277955604654711,0.9806671960266287,0.5636809716070716,0.9741679926484828,0.4485802646173914,0.9732527262660503
0.4724137931034483,0.7248000447036704,0.9709659595425358,0.5615823904310419,0.9611570910454607,0.4491250451749131,0.9596885798191591
0.5568965517241379,0.7208993754744176,0.9590683109241706,0.5583826776392515,0.9451491541882209,0.4475635163893239,0.9429034447509137
0.6413793103448275,0.716240627005628,0.94485584557111,0.5542674634554006,0.9259462139394806,0.44443848683548515,0.9226167686701282
0.7258620689655172,0.710940716925433,0.9282432276801559,0.5493589036177894,0.9033820547596453,0.44029358863328655,0.8985564071023576
0.8103448275862069,0.7051186458112353,0.9092243367018478,0.543776278056336,0.8773863621545585,0.4354686583416051,0.8705300738488476
0.8948275862068965,0.6988973279239549,0.8879346465796004,0.5376507980050226,0.8480741329001057,0.43013281765471556,0.838532305850662
0.9793103448275862,0.6923988717814336,0.864714731665128,0.5311191389030494,0.8158422482990106,0.4244092963606155,0.8028694585206119
1.063793103448276,0.6857393300550274,0.8401397005410443,0.5243159561855085,0.7814305912489165,0.4184206254522744,0.764255203274189
1.1482758620689655,0.6790241752116307,0.814982041071333,0.517367341574554,0.745895555386642,0.4122822163717663,0.723811688664519
1.2327586206896552,0.6723449420668205,0.7901040277360994,0.5103854596374837,0.7104707579166254,0.4060974128191768,0.6829353630169973
1.3172413793103448,0.6657773884598783,0.7663092852909452,0.5034654201656781,0.6763518205354978,0.39995425512087635,0.6430558120961342
1.4017241379310346,0.6593810901415631,0.7442118530383515,0.4966840190753567,0.644494806295964,0.39392425712683393,0.6053859679627936
1.486206896551724,0.6532003675239004,0.7241744944095675,0.49010009987664455,0.6155052523937473,0.38806252398435265,0.5707621635628941
1.5706896551724139,0.6472658024157878,0.7063210707636581,0.48375608135829284,0.5896373216754586,0.38240914577213503,0.5396102229828947
1.6551724137931034,0.6415963502886113,0.6905947558479277,0.4776801508720243,0.566866565141948,0.3769910804355412,0.5120096873118211
1.7396551724137932,0.6362015074338747,0.6768278640510188,0.4718887355371199,0.546987469980443,0.3718244550054811,0.48780036767316903
1.8241379310344827,0.6310833323658473,0.6648007771199569,0.466388881475395,0.5297015706045448,0.36691666228693015,0.46668588649896064
1.9086206896551725,0.6262383835877742,0.654282694972985,0.4611804587826812,0.5146810552921088,0.3622684076764496,0.4483129097040179
1.993103448275862,0.621659192916899,0.645055200198708,0.456258065020313,0.5016073679531715,0.3578755054400443,0.4323224627779978
2.0775862068965516,0.6173355434746896,0.6369233675216406,0.4516125559566138,0.4901909810191668,0.3537302259136012,0.4183785938243241
2.1620689655172414,0.6132555187302293,0.6297191655737383,0.44723234848249993,0.48017892667951023,0.34982249830646767,0.4061812689630786
2.246551724137931,0.6094062219112649,0.6233007062311574,0.44310432852220655,0.47135539709825525,0.3461408065529644,0.3954703520370774
2.331034482758621,0.6057743488356641,0.6175495521912182,0.43921459085423764,0.4635389398012823,0.3426728286455615,0.38602400182858265
2.4155172413793102,0.6023465820973469,0.6123674323516995,0.4355489830765288,0.4565780953261106,0.3394059601692824,0.37765513326998834
2.5,0.5991099209051395,0.607672960433575,0.43209348404293463,0.45034687893153763,0.3363277005252606,0.3702066516504975
