g/N,1,2,3
0.05,0.9996873533628281,0.9995830726586147,0.9995309200511038
0.13448275862068965,0.9977315739493906,0.996972004018989,0.996591561766242
0.2189655172413793,0.9939517789876668,0.9919113670110329,0.9908863229052378
0.30344827586206896,0.9882831369702503,0.984286347914286,0.9822688750677067
0.3879310344827586,0.9806215784616414,0.9739133552845651,0.9705037035636884
0.4724137931034483,0.970811795067879,0.9605198552976875,0.9552383334891901
0.5568965517241379,0.9586259566423119,0.9437087181417423,0.9359545064728536
0.6413793103448275,0.9437243798456652,0.9228925518211513,0.9118788389314926
0.7258620689655172,0.9255761497183137,0.8971616479623659,0.8818043480090509
0.8103448275862069,0.9032735856863507,0.8649764221458998,0.8436774358961651
0.8948275862068965,0.8749711680307644,0.8232404484347706,0.7933603472328589
0.9793103448275862,0.8346944045395457,0.7620448205994211,0.717651075656779
1.063793103448276,0.779764863267248,0.6768246308266169,0.6102808562052707
1.1482758620689655,0.7489230487463447,0.6310402619265137,0.5549132505355051
1.2327586206896552,0.7260714549925851,0.5981479835444203,0.5162774327775808
1.3172413793103448,0.7078314096309131,0.5725645025903509,0.48694573352159287
1.4017241379310346,0.6927153717596459,0.5518402980081377,0.4636789978367563
1.486206896551724,0.6798842726853953,0.5346043115315485,0.44468316222429616
1.5706896551724139,0.6688041667008093,0.5199930732802059,0.42884286497012764
1.6551724137931034,0.659109520370438,0.507422504943608,0.41541417817329385
1.7396551724137932,0.6505373746116214,0.4964778092294239,0.4038763618809218
1.8241379310344827,0.6428915954773995,0.48685369122169136,0.39385161792693635
1.9086206896551725,0.636021777467908,0.47831915657021157,0.38505808074685444
1.993103448275862,0.6298100062201215,0.4706955083481203,0.3772806363858384
2.0775862068965516,0.624162151567283,0.4638419497857471,0.37035198324894414
2.1620689655172414,0.6190019219221605,0.4576458150118592,0.36413989553727866
2.246551724137931,0.6142666784390773,0.45201574050188814,0.35853840463990394
2.331034482758621,0.6099044123045447,0.4468767723778669,0.3534615420240641
2.4155172413793102,0.605871514518872,0.442166786211502,0.34883880573772386
2.5,0.602131099720391,0.43783381924460046,0.3446118155334721
